,,,,,,,,,,,,,,,,,,,,,,,,,,,,,,,,,,,,,,,,,,,,,,,,,,,,
,,,,,,,,,,,,,,,,,,,,,,,,,,,,,,,,,,,,,,,,,,,,,,,,,,,,
,Select Archetype,Lvl,,1269,Max AP Available for Lvl,,,,,,,,Feature Requests? Bugs? Please report them here:,,,,,,,,,,,,,,,,,,,,,,,,,,,,,,,,,,,,,,,
,Magician,50,,0,AP You Previously Spent (Current Level Column J),,,,,,,,-input allowed ,,,,,,,,,,,,,,,,,,,,,,,,,,,,,,,,,,,,,,,
,"Select Signature 
You Want",,,435,AP Cost of Added Levels (Column K),,,,,,,,,,,,,,,,,,,,,,,,,,,,,,,,,,,,,,,,,,,,,,,
,HotShot (Magician),,,834,Remaining AP (at max archetype level),,,,,,,,,,,,,,,,,,,,,,,,,,,,,,,,,,,,,,,,,,,,,,,
,,,,,,,,,,,,,Did someone break this sheet?,,,,,,,,,,,,,,,,,,,,,,,,,,,,,,,,,,,,,,,
,Auto Playstyle Lvls,TRUE,,,,,,,,,,,Make a copy of a restore sheet version below,,,,,,,,,,,,,,,,,,,,,,,,,,,,,,,,,,,,,,,
,Auto Signature Lvls,FALSE,,,,,,,,,,,,,,,,,,,,,For chart,,,,,,,,,,,,,,,,,,,,,,,,,,,,,
,"Check Playstyle to
See Attribute Lvl
Requirements ",,Final Build,"Prior AP
Spent","New AP
Spent","Attribute
(GREEN=Key
Attribute)",Min,Max,"Enter Your
Current Level
(or leave blank 
for Min)","Add/Subtract
 This 
Many Levels","Auto
Playstyles
Lvls","Auto
Signature
Lvls","New 
Level","<Min?
>Max?
errror","Lvls 
Needed 
for 
Playstyles","Lvls
Needed
for
Signature","Goal Lvls
for
Playstyles","Goal Lvls
for
Signature","Lvl 
Start 
(for calcs)",Prog Bar,"Attribute 
Re-print","Final Lvl
Re-print",Attribute,Final lvl,AP,,,,,,,,,,,,,,,,,,,,,,,,,,,
,Finesse Shot,FALSE,80,,31,Acceleration,75,95,,,5,,80,,,,80,,75,,Acceleration,80,Acceleration,80,31,,,,,,,,,,,,,,,,,,,,,,,,,,,
,Chip Shot,FALSE,80,,74,SprintSpeed,70,95,,,10,,80,,,,80,,70,,SprintSpeed,80,SprintSpeed,80,74,,,,,,,,,,,,,,,,,,,,,,,,,,,
,Power Shot,FALSE,80,,,AttackPositioning,80,96,,,0,,80,,,,,,80,,AttackPositioning,80,AttackPositioning,80,0,,,,,,,,,,,,,,,,,,,,,,,,,,,
,Dead Ball,FALSE,75,,,Finishing,75,99,,,0,,75,,,15,,90,75,,Finishing,75,Finishing,75,0,,,,,,,,,,,,,,,,,,,,,,,,,,,
,Precision Header,FALSE,70,,,ShotPower,70,92,,,0,,70,,,22,,92,70,,ShotPower,70,ShotPower,70,0,,,,,,,,,,,,,,,,,,,,,,,,,,,
,Acrobatic,FALSE,65,,,LongShots,65,96,,,0,,65,,,25,,90,65,,LongShots,65,LongShots,65,0,,,,,,,,,,,,,,,,,,,,,,,,,,,
,Low Driven Shot,FALSE,72,,,Volleys,72,96,,,0,,72,,,,,,72,,Volleys,72,Volleys,72,0,,,,,,,,,,,,,,,,,,,,,,,,,,,
,Gamechanger,FALSE,75,,,Penalties,75,99,,,0,,75,,,,,,75,,Penalties,75,Penalties,75,0,,,,,,,,,,,,,,,,,,,,,,,,,,,
,Incisive Pass,TRUE,75,,,Vision,75,96,,,0,,75,,,,75,,75,,Vision,75,Vision,75,0,,,,,,,,,,,,,,,,,,,,,,,,,,,
,Pinged Pass,FALSE,65,,,Crossing,65,92,,,0,,65,,,,,,65,,Crossing,65,Crossing,65,0,,,,,,,,,,,,,,,,,,,,,,,,,,,
,Long Ball Pass,FALSE,65,,,FKAccuracy,65,99,,,0,,65,,,,,,65,,FKAccuracy,65,FKAccuracy,65,0,,,,,,,,,,,,,,,,,,,,,,,,,,,
,Tiki Taka,FALSE,75,,,ShortPassing,75,96,,,0,,75,,,,,,75,,ShortPassing,75,ShortPassing,75,0,,,,,,,,,,,,,,,,,,,,,,,,,,,
,Whipped Pass,FALSE,80,,91,LongPassing,50,92,,,30,,80,,,,80,,50,,LongPassing,80,LongPassing,80,91,,,,,,,,,,,,,,,,,,,,,,,,,,,
,Inventive,FALSE,80,,15,Curve,75,99,,,5,,80,,,,80,,75,,Curve,80,Curve,80,15,,,,,,,,,,,,,,,,,,,,,,,,,,,
,Jockey,FALSE,75,,20,Agility,72,99,,,3,,75,,,,75,,72,,Agility,75,Agility,75,20,,,,,,,,,,,,,,,,,,,,,,,,,,,
,Block,FALSE,75,,,Balance,75,99,,,0,,75,,,,,,75,,Balance,75,Balance,75,0,,,,,,,,,,,,,,,,,,,,,,,,,,,
,Intercept,FALSE,75,,,Reactions,75,99,,,0,,75,,,,,,75,,Reactions,75,Reactions,75,0,,,,,,,,,,,,,,,,,,,,,,,,,,,
,Anticipate,FALSE,80,,31,BallControl,75,96,,,5,,80,,,,80,,75,,BallControl,80,BallControl,80,31,,,,,,,,,,,,,,,,,,,,,,,,,,,
,Slide Tackle,FALSE,80,,42,Dribbling,75,96,,,5,,80,,,,80,,75,,Dribbling,80,Dribbling,80,42,,,,,,,,,,,,,,,,,,,,,,,,,,,
,Aerial Fortress,FALSE,80,,45,Composure,72,96,,,8,,80,,,,80,,72,,Composure,80,Composure,80,45,,,,,,,,,,,,,,,,,,,,,,,,,,,
,Technical,FALSE,50,,,Interceptions,50,82,,,0,,50,,,,,,50,,Interceptions,50,Interceptions,50,0,,,,,,,,,,,,,,,,,,,,,,,,,,,
,Rapid,FALSE,65,,,Heading Accuracy,65,85,,,0,,65,,,,,,65,,Heading Accuracy,65,Heading Accuracy,65,0,,,,,,,,,,,,,,,,,,,,,,,,,,,
,First Touch,FALSE,45,,,DefAwareness,45,82,,,0,,45,,,,,,45,,DefAwareness,45,DefAwareness,45,0,,,,,,,,,,,,,,,,,,,,,,,,,,,
,Trickster,TRUE,40,,,StandingTackle,40,75,,,0,,40,,,,,,40,,StandingTackle,40,StandingTackle,40,0,,,,,,,,,,,,,,,,,,,,,,,,,,,
,Press Proven,TRUE,40,,,SlidingTackle,40,75,,,0,,40,,,,,,40,,SlidingTackle,40,SlidingTackle,40,0,,,,,,,,,,,,,,,,,,,,,,,,,,,
,Quick Step,TRUE,60,,,Jumping,60,85,,,0,,60,,,,,,60,,Jumping,60,Jumping,60,0,,,,,,,,,,,,,,,,,,,,,,,,,,,
,Relentless,FALSE,80,,48,Stamina,65,92,,,15,,80,,,,80,,65,,Stamina,80,Stamina,80,48,,,,,,,,,,,,,,,,,,,,,,,,,,,
,Long Throw,FALSE,75,,38,Strength,65,90,,,10,,75,,,,75,,65,,Strength,75,Strength,75,38,,,,,,,,,,,,,,,,,,,,,,,,,,,
,Bruiser,FALSE,55,,,Aggression,55,92,,,0,,55,,,,,,55,,Aggression,55,Aggression,55,0,,,,,,,,,,,,,,,,,,,,,,,,,,,
,Enforcer,FALSE,3,,,Skill Moves,3,5,,,0,,3,,,,,,3,,Skill Moves,3,Skill Moves,60,0,,,,,,,,,,,,,,,,,,,,,,,,,,,
,,,3,,,Weak Foot,3,5,,,0,,3,,,,,,3,,Weak Foot,3,Weak Foot,60,0,,,,,,,,,,,,,,,,,,,,,,,,,,,
,,,,,,,,,,,,,,,,,,,,,,,,,,,,,,,,,,,,,,,,,,,,,,,,,,,,
,Playstyles from Archetype,,,,,Category,"Hal's Scores
(accounts for 
Playstyles)",,,,,,,,,,,,,,,,,,,,,,,,,,,,,,,,,,,,,,,,,,,,,
,Technical,,,,,Pace,82.0,,,,,,,,,,,,,,,,,,,,,,,,,,,,,,,,,,,,,,,,,,,,,
,Finesse Shot,,,,,Shooting,76.7,,,,,,,,,,,,,,,,,,,,,,,,,,,,,,,,,,,,,,,,,,,,,
,,,,,,Passing,77.0,,,,,,,,,,,,,,,,,,,,,,,,,,,,,,,,,,,,,,,,,,,,,
,Playstyle from Signature,,,,,Dribbling,82.0,,,,,,,,,,,,,,,,,,,,,,,,,,,,,,,,,,,,,,,,,,,,,
,Requirements not met,,,,,Defense,43.8,,,,,,,,,,,,,,,,,,,,,,,,,,,,,,,,,,,,,,,,,,,,,
,,,,,,Physical,68.5,,,,,,,,,,,,,,,,,,,,,,,,,,,,,,,,,,,,,,,,,,,,,
,Playstyles Unlocked From Attributes,,,,,Heading,66.7,,,,,,,,,,,,,,,,,,,,,,,,,,,,,,,,,,,,,,,,,,,,,
,Chip Shot,,,,,Avg (Hal's OVR),70.9,,,,,,,,,,,,,,,,,,,,,,,,,,,,,,,,,,,,,,,,,,,,,
,Gamechanger,,,,,,,,,,,,,,,,,,,,,,,,,,,,,,,,,,,,,,,,,,,,,,,,,,,
,Incisive Pass,,,,,AP Efficiency Score,,,,,,,,,,,,,,,,,,,,,,,,,,,,,,,,,,,,,,,,,,,,,,
,Inventive,,,,,2.21,Levels/10AP,,,,,,,,,,,,,,,,,,,,,,,,,,,,,,,,,,,,,,,,,,,,,
,Rapid,,,,,,,,,,,,,,,,,,,,,,,,,,,,,,,,,,,,,,,,,,,,,,,,,,,
,First Touch,,,,Unlocks at Lvl,Archetype Perks,,,,,,,,,,,,,,,,,,,,,,,,,,,,,,,,,,,,,,,,,,,,,,
,Trickster,,,,1,Getaway Driver: dribble at full Sprint in the opponent's half for a short boost to agility balance and reactions,,,,,,,,,,,,,,,,,,,,,,,,,,,,,,,,,,,,,,,,,,,,,,
,Press Proven,,,,40,Ankle Breaker: fake shot to beat an opponent in the attacking third for a boost to balance ball control and dribbling,,,,,,,,,,,,,,,,,,,,,,,,,,,,,,,,,,,,,,,,,,,,,,
,Quick Step,,,,,,,,,,,,,,,,,,,,,,,,,,,,,,,,,,,,,,,,,,,,,,,,,,,
,,,,,Unlocked?,Signature Perk (unlocks with playstyle if attribute requirements met),,,,,,,,,,,,,,,,,,,,,,,,,,,,,,,,,,,,,,,,,,,,,,
,,,,,N,Cut and Shoot: shoot after entering the box for the wing for a short boost to finishing curve and shot power,,,,,,,,,,,,,,,,,,,,,,,,,,,,,,,,,,,,,,,,,,,,,,
,,,,,,,,,,,,,,,,,,,,,,,,,,,,,,,,,,,,,,,,,,,,,,,,,,,,
,,,,,,"Key Attributes for Selected Archetype (note Skill Moves/Weak Foot can be discounted, and not listed as key attributes in info page)",,,,,,,,,,,,,,,,,,,,,,,,,,,,,,,,,,,,,,,,,,,,,,
,,,,,,Acceleration,,,,,,,,,,,,,,,,,,,,,,,,,,,,,,,,,,,,,,,,,,,,,,
,,,,,,Finishing,,,,,,,,,,,,,,,,,,,,,,,,,,,,,,,,,,,,,,,,,,,,,,
,,,,,,Curve,,,,,,,,,,,,,,,,,,,,,,,,,,,,,,,,,,,,,,,,,,,,,,
,,,,,,Balance,,,,,,,,,,,,,,,,,,,,,,,,,,,,,,,,,,,,,,,,,,,,,,
,,,,,,Skill Moves,,,,,,,,,,,,,,,,,,,,,,,,,,,,,,,,,,,,,,,,,,,,,,
,,,,,,,,,,,,,,,,,,,,,,,,,,,,,,,,,,,,,,,,,,,,,,,,,,,,
,,,,,,,,,,,,,,,,,,,,,,,,,,,,,,,,,,,,,,,,,,,,,,,,,,,,
,,,,,,Archetype Cost Tiers,,,,,,,,,,,,,,,,,,Skill Moves Cost Tiers,,,,,Weak Foot Cost Tiers,,,,,,,,,,,,,,,,,,,,,,,
,,,,,Tier,40-44,45-49,50-54,55-60,61-63,64-66,67-69,70-74,75-79,80-84,85-89,90-94,95,96,97,98,99,,Tier,3star,4star,5star,,,3star,4star,5star,,,,,,,,,,,,,,,,,,,,
,,,,,0,1,1,1,1,1,1,2,2,3,3,6,8,9,12,14,16,18,,1,15,25,40,,1,15,25,40,,,,,,,,,,,,,,,,,,,,
,,,,,1,1,1,1,1,1,2,2,3,4,5,8,11,13,16,19,22,24,,2,20,35,50,,2,20,35,50,,,,,,,,,,,,,,,,,,,,
,,,,,2,1,1,1,1,2,3,3,4,6,7,11,15,18,22,26,30,33,,,,,,,,,,,,,,,,,,,,,,,,,,,,,,
,,,,,3,2,2,2,2,3,4,5,6,8,10,15,20,25,30,35,40,45,,,,,,,,,,,,,,,,,,,,,,,,,,,,,,
,,,,,,,,,,,,,,,,,,,,,,,,,,,,,,,,,,,,,,,,,,,,,,,,,,,,
,,,,,,,,,,,,,,,,,,,,,,,,,,,,,,,,,,,,,,,,,,,,,,,,,,,,
,,,,,,,Forward Archetypes,,,,,,Midfielder Archetypes,,,,,,,,Defender Archetypes,,,,,,,,,,,,,,,AP Cost per Level for Currently Selected Archetype,,,,,,,,,,,,,,,,
,,,,,,,Magician,,Finisher,,Target,,Recycler,,Maestro,,Creator,,Spark,,Progressor,,Boss,,Engine,,Marauder,,,,,BaseTier,Key Attribute Tier Immprovement,New Tier,,40-44,45-49,50-54,55-60,61-63,64-66,67-69,70-74,75-79,80-84,85-89,90-94,95,96,97,98,99
,,,,,,Playstyle 1,Technical,,Low Driven,,Power Shot,,Press Proven,,Tiki Taka,,Incisive Pass,,Rapid,,Long Ball,,Aerial Fortress,,Jockey,,Whipped Pass,,,,,3,-1,2,Acceleration,1,1,1,1,2,3,3,4,6,7,11,15,18,22,26,30,33
,,,,,,Playstyle 2,Finesse Shot,,First touch,,Precision Header,,Intercept,,Pinged pass,,Inventive Pass,,Trickster,,Anticipate,,Bruiser,,Relentless,,Quick Step,,,,,3,,3,SprintSpeed,2,2,2,2,3,4,5,6,8,10,15,20,25,30,35,40,45
,,,,,,Playstyle+ Spec1,First Touch,,Chip Shot,,Acrobatic,,PingedPass,,Technical,,WhippedPass,,QuickStep,,Jockey,,Slide Tackle,,Intercept,,Slide Tackle,,,,,1,,1,AttackPositioning,1,1,1,1,1,2,2,3,4,5,8,11,13,16,19,22,24
,,,,,,Playstyle+ Spec2,Power Shot,,Relentless,,Incisive Pass,,Enforcer,,First Touch,,DeadBall,,WhippedPass,,PingedPass,,PressProven,,TikiTaka,,Rapid,,,,,3,-1,2,Finishing,1,1,1,1,2,3,3,4,6,7,11,15,18,22,26,30,33
,,,,,,Playstyle+ Spec3,Incisive Pass,,Gamechanger,,Enforcer,,Anticipate,,Relentless,,PowerShot (SoloShooter: dribble into box from middle for shooting boosts,,ChipShot,,QuickStep,,Block,,Technical,,Bruiser,,,,,2,,2,ShotPower,1,1,1,1,2,3,3,4,6,7,11,15,18,22,26,30,33
,,,,,,,Min,Max,Min,Max,Min,Max,Min,Max,Min,Max,Min,Max,Min,Max,Min,Max,Min,Max,Min,Max,Min,Max,,,,2,,2,LongShots,1,1,1,1,2,3,3,4,6,7,11,15,18,22,26,30,33
,,,,,,Acceleration,75,95,75,95,70,90,70,90,65,90,70,92,75,99,70,90,70,90,70,92,75,92,,,,1,,1,Volleys,1,1,1,1,1,2,2,3,4,5,8,11,13,16,19,22,24
,,,,,,SprintSpeed,70,95,70,95,65,92,70,90,70,90,65,92,75,95,75,90,75,90,75,92,75,95,,,,1,,1,Penalties,1,1,1,1,1,2,2,3,4,5,8,11,13,16,19,22,24
,,,,,,AttackPositioning,80,96,80,99,80,96,70,90,80,96,80,99,80,96,70,90,75,90,70,90,65,92,,,,2,,2,Vision,1,1,1,1,2,3,3,4,6,7,11,15,18,22,26,30,33
,,,,,,Finishing,75,99,75,99,72,96,50,90,65,96,65,96,65,96,50,85,45,82,65,90,55,90,,,,2,,2,Crossing,1,1,1,1,2,3,3,4,6,7,11,15,18,22,26,30,33
,,,,,,ShotPower,70,92,75,99,75,99,75,96,65,96,75,96,65,92,65,92,75,96,70,92,65,92,,,,1,,1,FKAccuracy,1,1,1,1,1,2,2,3,4,5,8,11,13,16,19,22,24
,,,,,,LongShots,65,96,60,96,65,96,75,99,70,96,75,99,65,92,50,85,60,85,65,85,60,85,,,,3,,3,ShortPassing,2,2,2,2,3,4,5,6,8,10,15,20,25,30,35,40,45
,,,,,,Volleys,72,96,75,99,72,96,65,90,65,96,72,96,72,96,50,75,55,75,65,75,65,96,,,,2,,2,LongPassing,1,1,1,1,2,3,3,4,6,7,11,15,18,22,26,30,33
,,,,,,Penalties,75,99,75,99,75,99,65,90,65,99,75,99,75,99,65,92,70,92,65,90,65,96,,,,1,-1,0,Curve,1,1,1,1,1,1,2,2,3,3,6,8,9,12,14,16,18
,,,,,,Vision,75,96,65,92,65,92,75,96,75,99,75,99,75,96,75,92,55,90,65,92,60,92,,,,3,,3,Agility,2,2,2,2,3,4,5,6,8,10,15,20,25,30,35,40,45
,,,,,,Crossing,65,92,55,92,50,90,65,92,75,92,75,96,75,99,50,92,45,90,65,96,75,99,,,,2,-1,1,Balance,1,1,1,1,1,2,2,3,4,5,8,11,13,16,19,22,24
,,,,,,FKAccuracy,65,99,65,99,65,99,50,99,75,99,75,99,65,99,45,90,50,90,50,95,60,95,,,,1,,1,Reactions,1,1,1,1,1,2,2,3,4,5,8,11,13,16,19,22,24
,,,,,,ShortPassing,75,96,70,92,75,96,70,96,75,96,75,96,75,96,75,96,65,92,75,96,65,92,,,,2,,2,BallControl,1,1,1,1,2,3,3,4,6,7,11,15,18,22,26,30,33
,,,,,,LongPassing,50,92,50,92,50,92,75,96,75,99,75,96,65,92,75,96,65,90,70,92,65,92,,,,3,,3,Dribbling,2,2,2,2,3,4,5,6,8,10,15,20,25,30,35,40,45
,,,,,,Curve,75,99,70,96,55,90,65,90,70,96,75,99,75,96,50,85,50,75,65,90,75,96,,,,2,,2,Composure,1,1,1,1,2,3,3,4,6,7,11,15,18,22,26,30,33
,,,,,,Agility,72,99,72,99,70,92,70,92,72,99,72,99,75,99,70,90,65,90,70,92,70,95,,,,3,,3,Interceptions,2,2,2,2,3,4,5,6,8,10,15,20,25,30,35,40,45
,,,,,,Balance,75,99,75,96,75,92,75,92,75,96,65,96,75,96,70,92,75,90,65,92,65,92,,,,2,,2,Heading Accuracy,1,1,1,1,2,3,3,4,6,7,11,15,18,22,26,30,33
,,,,,,Reactions,75,99,75,99,75,99,65,99,65,99,75,99,75,99,65,99,60,99,65,99,70,99,,,,2,,2,DefAwareness,1,1,1,1,2,3,3,4,6,7,11,15,18,22,26,30,33
,,,,,,BallControl,75,96,75,96,70,92,65,96,75,99,75,96,75,96,70,96,65,92,65,92,70,96,,,,3,,3,StandingTackle,2,2,2,2,3,4,5,6,8,10,15,20,25,30,35,40,45
,,,,,,Dribbling,75,96,70,96,70,92,65,92,65,96,75,96,75,99,65,92,60,88,65,92,70,92,,,,2,,2,SlidingTackle,1,1,1,1,2,3,3,4,6,7,11,15,18,22,26,30,33
,,,,,,Composure,72,96,75,99,72,96,72,99,75,99,72,96,72,96,75,96,65,92,65,92,65,92,,,,1,,1,Jumping,1,1,1,1,1,2,2,3,4,5,8,11,13,16,19,22,24
,,,,,,Interceptions,50,82,60,85,50,82,75,99,75,92,55,85,55,85,75,96,75,96,75,92,70,96,,,,1,,1,Stamina,1,1,1,1,1,2,2,3,4,5,8,11,13,16,19,22,24
,,,,,,Heading Accuracy,65,85,75,96,75,99,65,90,50,85,50,85,50,85,75,96,75,99,75,92,65,90,,,,2,,2,Strength,1,1,1,1,2,3,3,4,6,7,11,15,18,22,26,30,33
,,,,,,DefAwareness,45,82,55,85,50,82,75,99,65,90,50,85,50,85,75,99,75,96,65,92,70,96,,,,1,,1,Aggression,1,1,1,1,1,2,2,3,4,5,8,11,13,16,19,22,24
,,,,,,StandingTackle,40,75,50,75,45,75,75,96,75,90,65,90,55,80,75,99,75,96,75,92,70,96,,,,,,,,1star,2star,3star,4star,5star,,,,,,,,,,,,
,,,,,,SlidingTackle,40,75,40,75,40,75,75,92,50,90,50,90,45,75,75,96,75,99,75,92,75,96,,,,2,-1,1,Skill Moves,,,15,25,40,,,,,,,,,,,,
,,,,,,Jumping,60,85,65,92,75,96,65,90,60,90,60,90,55,85,75,99,75,99,75,92,60,92,,,,2,,2,Weak foot,,,20,35,50,,,,,,,,,,,,
,,,,,,Stamina,65,92,65,92,60,92,75,96,65,92,65,92,65,92,65,92,70,92,75,99,75,96,,,,,,,,,,,,,,,,,,,,,,,,
,,,,,,Strength,65,90,70,92,75,99,75,96,65,92,65,92,65,90,70,96,75,99,65,96,60,96,,,,,,,,,,,,,,,,,,,,,,,,
,,,,,,Aggression,55,92,65,96,65,92,75,96,65,92,55,92,50,92,65,96,75,99,65,96,75,96,,,,,,,,,Skill Moves/Weak foot Tier Structure ,,,,,,,,,,,,,,,
,,,,,,Totals,1916,2685,1947,2717,1901,2678,2007,2728,1987,2741,1976,2737,1939,2697,1930,2684,1915,2653,1975,2669,1955,2724,,,,,,,,Discounted?,,,3star,4star,5star,,total,,,,,,,,,
,,,,,,Max-Min Diff,769,,770,,777,,721,,754,,761,,758,,754,,738,,694,,769,,,,,,,,,,Def-Progressor,Skill,20,35,,,55,,,,,,,,,
,,,,,,Key attributes,Acceleration,,Finishing,,ShotPower,,LongShots,,Vision,,LongShots,,Acceleration,,LongPassing,,Heading Accuracy,,ShortPassing,,SprintSpeed,,,,,,,,,Y,,Weak,15,25,,,40,,,,,,,,,
,,,,,,(cheaper to buy),Finishing,,Volleys,,Heading Accuracy,,Interceptions,,LongPassing,,Vision,,Agility,,Composure,,SlidingTackle,,Interceptions,,Crossing,,,,,,,,,,,,,,,,,,,,,,,,,
,,,,,,,Curve,,Reactions,,Jumping,,DefAwareness,,BallControl,,ShortPassing,,BallControl,,DefAwareness,,Strength,,StandingTackle,,SlidingTackle,,,,,,,,,Y,Mid-Creator,Skill,15,25,40,,80,,,,,,,,,
,,,,,,,Balance,,Composure,,Strength,,Strength,,Composure,,Curve,,Dribbling,,StandingTackle,,Aggression,,Stamina,,Stamina,,,,,,,,,Y,,Weak,,25,40,,65,,,,,,,,,
,,,,,,,Skill Moves,,Weak Foot,,Weak foot,,Weak Foot,,Weak Foot,,Skill Moves,,Skill Moves,,Weak Foot,,,,Skill Moves,,,,,,,,,,,,,,,,,,,,,,,,,,,
,,,,,,,,,,,,,,,,,Weak Foot,,,,,,,,Weak Foot,,,,,,,,,,,,,,,,,,,,,,,,,,,
,,,,,,Base AccelType,Controlled,,Controlled,,Controlled,,Controlled,,Controlled,,Controlled,,Controlled,,Controlled,,Controlled,,Controlled,,Controlled,,,,,,,,,,,,,,,,,,,,,,,,,
,,,,,,Skill Moves,3,5,3,5,2,5,2,4,2,5,2,5,3,5,2,4,2,3,2,4,2,5,,,,,,,,Y,Mid-Spark,Skill,,25,40,,65,,,,,,,,,
,,,,,,Weak Foot,3,5,3,5,2,5,3,5,3,5,3,5,3,5,2,4,2,4,3,5,3,5,,,,,,,,,,Weak,,35,50,,85,,,,,,,,,
,,,,,,,,,,,,,,,,,,,,,,,,,,,,,,,,,,,,,,,,,,,,,,,,,,,,
,,,,,,,,,,,,,,,,,,,,,,,,,,,,,,,,,,,,,Att-Finisher,Skill,,35,50,,85,,,,,,,,,
,,,,,,,,,,,,,,,,,,,,,,,,,,,,,,,,,,,,Y,,Weak,,25,40,,65,,,,,,,,,
,,,,,,,,,,,,,,,,,,,,,,,,,,,,,,,,,,,,,,,,,,,,,,,,,,,,
,,,,,,,,,,,,,,,,,,,,,,,,,,,,,,,,,,,,Y,Att-Magician,Skill,,25,40,,65,,,,,,,,,
,,,,,,,,,,,,,,,,,,,,,,,,,,,,,,,,,,,,,,Weak,,35,50,,85,,,,,,,,,
,,,,,,,,,,,,,,,,,,,,,,,,,,,,,,,,,,,,,,,,,,,,,,,,,,,,
,,,,,,,,,,,,,,,,,,,,,,,,,,,,,,,,,,,,,,,,,,,,,,,,,,,,
,,,,,,,,,,,,,,,,,,,,,,,,,,,,,,,,,,,,,,,,,,,,,,,,,,,,
,,,,,,,,,,,,,,,,,,,,,,,,,,,,,,,,,,,,,,,,,,,,,,,,,,,,
,,,,,,,,,,,,,,,,,,,,,,,,,,,,,,,,,,,,,,,,,,,,,,,,,,,,
,,,,,,,,,,,,,,,,,,,,,,,,,,,,,,,,,,,,,,,,,,,,,,,,,,,,
,,,,,,,,,,,,,,,,,,,,,,,,,,,,,,,,,,,,,,,,,,,,,,,,,,,,
,,,,,,,,,,,,,,,,,,,,,,,,,,,,,,,,,,,,,,,,,,,,,,,,,,,,
,,,,,,,,,,,,,,,,,,,,,,,,,,,,,,,,,,,,,,,,,,,,,,,,,,,,
,,,,,,,,,,,,,,,,,,,,,,,,,,,,,,,,,,,,,,,,,,,,,,,,,,,,
,,,,,,,,,,,,,,,,,,,,,,,,,,,,,,,,,,,,,,,,,,,,,,,,,,,,
,,,,,,,,,,,,,,,,,,,,,,,,,,,,,,,,,,,,,,,,,,,,,,,,,,,,
,,,,,,,,,,,,,,,,,,,,,,,,,,,,,,,,,,,,,,,,,,,,,,,,,,,,
,,,,,,,,,,,,,,,,,,,,,,,,,,,,,,,,,,,,,,,,,,,,,,,,,,,,
,,,,,,,,,,,,,,,,,,,,,,,,,,,,,,,,,,,,,,,,,,,,,,,,,,,,
,,,,,,,,,,,,,,,,,,,,,,,,,,,,,,,,,,,,,,,,,,,,,,,,,,,,
,,,,,,,,,,,,,,,,,,,,,,,,,,,,,,,,,,,,,,,,,,,,,,,,,,,,
,,,,,,Magician,,,Finisher,,,Target,,,Recycler,,,Maestro,,,Creator,,,Spark,,,Progressor,,,Boss,,,Engine,,,Marauder,,,,,,,,,,,,,,,,
,,,,,,Magician+ (Magician),HotShot (Magician),Invader (Magician),Finisher+ (Finisher),Presser (Finisher),Hunter (Finisher),Target+ (Target),Roamer (Target),Runner (Target),Recycler+ (Recycler),Driver (Recycler),Thief (Recycler),Maestro+ (Maestro),Crasher (Maestro),Heartbeat (Maestro),Creator+ (Creator),Architect (Creator),Sniper (Creator),Spark+ (Spark),Joker (Spark),Ace (Spark),Progressor+ (Progressor),Pioneer (Progressor),Janitor (Progressor),Boss+ (Boss),Enforcer (Boss),Capitano (Boss),Engine+ (Engine),Everywhere (Engine),Gadget (Engine),Marauder+ (Marauder),Speedster (Marauder),Athlete (Marauder),,,,,,,,,,,,,,
,,,,,Acceleration,90,,,,,,,,,,,,,,,,,,90,,,,,90,,,,,,,,90,,,,,,,,,,,,,,,
,,,,,SprintSpeed,,,,,,,,,92,,90,,,,,,,,90,,,,,90,,,,,,,92,92,,,,,,,,,,,,,,,
,,,,,AttackPositioning,,,90,,,90,,,90,,,,,,,,,,,90,,,,,,,,,,,,,,,,,,,,,,,,,,,
,,,,,Finishing,,90,,,,90,,,,,,,,90,,,,90,,,92,,,,,,,,,,,,,,,,,,,,,,,,,,
,,,,,ShotPower,,92,,,,,,,,,,,,,,,90,92,,,,,,,,,,,,,,,,,,,,,,,,,,,,,
,,,,,LongShots,,90,,,,,,,,,,,,,,,,90,,,,,,,,,,,,,,,,,,,,,,,,,,,,,
,,,,,Volleys,,,,,,,90,,,,,,,,,,,,,,,,,,,,,,,,,,,,,,,,,,,,,,,,
,,,,,Penalties,,,,,,,,,,,,,,,,,,,,,,,,,,,,,,,,,,,,,,,,,,,,,,,
,,,,,Vision,,,90,,,,,90,,,,,92,,,92,,,,,,,,,,90,,,,,,,,,,,,,,,,,,,,,
,,,,,Crossing,,,,,,,,,,,,,,,,90,92,,,92,,,,,,,,,,,,,,,,,,,,,,,,,,,
,,,,,FKAccuracy,,,,,,,,,,,,,,,,,90,,,,,,,,,,,,,,,,,,,,,,,,,,,,,,
,,,,,ShortPassing,,,,,,,,92,,92,,,,,,,,,,,,,90,,,,,,90,,,,,,,,,,,,,,,,,,
,,,,,LongPassing,,,92,,,,,90,,90,,,,,,90,,,,90,,90,90,,,,,,,,,,,,,,,,,,,,,,,,
,,,,,Curve,,,,,,92,,,,,,,,,,,,,,,,,,,,,,,,,,,,,,,,,,,,,,,,,
,,,,,Agility,,,,,90,,90,,,,,,,,92,,,,92,,,,,,,,90,,,,,,,,,,,,,,,,,,,,
,,,,,Balance,,,,,,,,,,,92,,90,,,,,,,,,,,,,,,,,92,,,,,,,,,,,,,,,,,
,,,,,Reactions,,,,90,,,,,,,,,,,,,,,,,90,,,,,,90,,92,,,,,,,,,,,,,,,,,,
,,,,,BallControl,92,,,90,,,,,,,,,,90,,,,,,,90,,,,,90,,,90,90,,,,,,,,,,,,,,,,,
,,,,,Dribbling,,,,,,,,,,,,,90,,,,,,,,,,92,,,,,,,90,,90,,,,,,,,,,,,,,,
,,,,,Composure,90,,,92,,,,,,,,,,92,,,,,,,,,,,,92,,,,,,,,,,,,,,,,,,,,,
,,,,,Interceptions,,,,,,,,,,,,90,,,,,,,,,,,,,,,,92,,,,,,,,,,,,,,,,,,,
,,,,,Heading Accuracy,,,,,,,,,,,,,,,,,,,,,,,,,,,,,,,,,,,,,,,,,,,,,,,
,,,,,DefAwareness,,,,,,,,,,,,90,,,,,,,,,,90,,,,,92,,,,,,90,,,,,,,,,,,,,,
,,,,,StandingTackle,,,,,,,,,,,,92,,,,,,,,,,92,,,,,,90,,,,,,,,,,,,,,,,,,,
,,,,,SlidingTackle,,,,,,,,,,,,,,,,,,,,,,,,92,92,,,,,,90,,,,,,,,,,,,,,,,
,,,,,Jumping,,,,,,,92,,,,,,,,,,,,,,,,,,,,,,,,,,,,,,,,,,,,,,,,
,,,,,Stamina,,,,,92,,,,,,,,,,90,,,,,,,,,,,,,,,,,,,,,,,,,,,,,,,,
,,,,,Strength,,,,,,,,,90,90,90,,,,,,,,,,,,,,90,,,,,,,,92,,,,,,,,,,,,,,
,,,,,Aggression,,,,,90,,,,,,,,,,90,,,,,,,,,,90,,,90,,,90,,90,,,,,,,,,,,,,,
,,,,,,FALSE,FALSE,FALSE,FALSE,FALSE,FALSE,FALSE,FALSE,FALSE,FALSE,FALSE,FALSE,FALSE,FALSE,FALSE,FALSE,FALSE,FALSE,FALSE,FALSE,FALSE,FALSE,FALSE,FALSE,FALSE,FALSE,FALSE,FALSE,FALSE,FALSE,FALSE,FALSE,FALSE,,,,,,,,,,,,,,
,,,,,,,,,,,,,,,,,,,,,,,,,,,,,,,,,,,,,,,,,,,,,,,,,,,,
,,,,,,,,,,,,,,,,,,,,,,,,,,,,,,,,,,,,,,,,,,,,,,,,,,,,
,,,,,,,,,,,,,,,,,,,,,,,,,,,,,,,,,,,,,,,,,,,,,,,,,,,,
,,,,,,,,,,,,,,,,,,,,,,,,,,,,,,,,,,,,,,,,,,,,,,,,,,,,
,,,,,,,,,,,,,,,,,,,,,,,,,,,,,,,,,,,,,,,,,,,,,,,,,,,,
,,,,,,Finesse Shot,Chip Shot,Power Shot,Dead Ball,Precision Header,Acrobatic,Low Driven Shot,Gamechanger,Incisive Pass,Pinged Pass,Long Ball Pass,Tiki Taka,Whipped Pass,Inventive,Jockey,Block,Intercept,Anticipate,Slide Tackle,Aerial Fortress,Technical,Rapid,First Touch,Trickster,Press Proven,Quick Step,Relentless,Long Throw,Bruiser,Enforcer,,,,,,,,,,,,,,,,,
,,,,,Acceleration,,,,,,,,,,,,,,,,,,,,,,75,,80,,75,,,,,,,,,,,,,,,,,,,,,
,,,,,SprintSpeed,,,,,,,,,,,,,,,,,,,,,,80,,,,80,,,,,,,,,,,,,,,,,,,,,
,,,,,AttackPositioning,,,,,,,,,,,,,,,,,,,,,,,,,,,,,,,,,,,,,,,,,,,,,,,
,,,,,Finishing,75,,80,,,,75,75,,,,,,,,,,,,,,,,,,,,,,,,,,,,,,,,,,,,,,,
,,,,,ShotPower,,,75,80,,,80,,,,,,,,,,,,,,,,,,,,,,,,,,,,,,,,,,,,,,,,
,,,,,LongShots,,,80,,,,,,,,,,,,,,,,,,,,,,,,,,,,,,,,,,,,,,,,,,,,
,,,,,Volleys,,,,,,75,,,,,,,,,,,,,,,,,,,,,,,,,,,,,,,,,,,,,,,,,
,,,,,Penalties,,,,,,,,,,,,,,,,,,,,,,,,,,,,,,,,,,,,,,,,,,,,,,,
,,,,,Vision,80,,,,,,,,75,,85,,,,,,,,,,,,,,,,,75,,,,,,,,,,,,,,,,,,,
,,,,,Crossing,,,,80,,,,,,,,,80,,,,,,,,,,,,,,,,,,,,,,,,,,,,,,,,,,
,,,,,FKAccuracy,,,,75,,,,,,,,,,,,,,,,,,,,,,,,,,,,,,,,,,,,,,,,,,,
,,,,,ShortPassing,,,,,,,,,,80,,75,,,,,,,,,,,,,,,,,,,,,,,,,,,,,,,,,,,
,,,,,LongPassing,,,,,,,,,80,85,80,,75,75,,,,,,,,,,,,,,,,,,,,,,,,,,,,,,,,,
,,,,,Curve,80,,,,,,,80,80,,,,,80,,,,,,,,,,,,,,,,,,,,,,,,,,,,,,,,,
,,,,,Agility,,,,,,80,,,,,,,,,75,80,,,,,,,,75,,,80,,,,,,,,,,,,,,,,,,,,
,,,,,Balance,,,,,,,,,,,,,,,,,,80,,,80,,,,,,,,,80,,,,,,,,,,,,,,,,,
,,,,,Reactions,,75,,,,80,,,,,,80,,,,80,,,,,,,,,,,,,,,,,,,,,,,,,,,,,,,
,,,,,BallControl,,80,,,,,,,,,,80,,,,,,,,,75,,75,,80,,,,,80,,,,,,,,,,,,,,,,,
,,,,,Dribbling,,,,,,,,,,,,,,,,,,,,,80,80,,80,,,,,,,,,,,,,,,,,,,,,,,
,,,,,Composure,,80,,,,,80,80,,,,,,80,,,,,,,,,80,,80,,,,,,,,,,,,,,,,,,,,,,
,,,,,Interceptions,,,,,,,,,,,,,,,,,80,,,,,,,,,,,,,,,,,,,,,,,,,,,,,,
,,,,,Heading Accuracy,,,,,75,,,,,,,,,,,,,,,75,,,,,,,,,,,,,,,,,,,,,,,,,,,
,,,,,DefAwareness,,,,,,,,,,,,,,,80,,,75,,,,,,,,,,,80,,,,,,,,,,,,,,,,,,
,,,,,StandingTackle,,,,,,,,,,,,,,,80,,,80,,,,,,,,,,,,,,,,,,,,,,,,,,,,,
,,,,,SlidingTackle,,,,,,,,,,,,,,,,,,,75,,,,,,,,,,,,,,,,,,,,,,,,,,,,
,,,,,Jumping,,,,,80,,,,,,,,,,,,,,,75,,,,,,,,,,,,,,,,,,,,,,,,,,,
,,,,,Stamina,,,,,,,,,,,,,,,,,,,,,,,,,,80,80,,,,,,,,,,,,,,,,,,,,
,,,,,Strength,,,,,80,,,,,,,,,,,75,,,,,,,,,75,,,80,75,75,,,,,,,,,,,,,,,,,
,,,,,Aggression,,,,,,,,,,,,,,,,,80,,80,,,,,,,,,,80,,,,,,,,,,,,,,,,,,
,,,,,,FALSE,TRUE,FALSE,FALSE,FALSE,FALSE,FALSE,TRUE,TRUE,FALSE,FALSE,FALSE,FALSE,TRUE,FALSE,FALSE,FALSE,FALSE,FALSE,FALSE,FALSE,TRUE,TRUE,TRUE,TRUE,TRUE,FALSE,FALSE,FALSE,FALSE,,,,,,,,,,,,,,,,,
,,,,,,Chip Shot,Gamechanger,Incisive Pass,Inventive,Rapid,First Touch,Trickster,Press Proven,Quick Step,,,,,,,,,,,,,,,,,,,,,,,,,,,,,,,,,,,,,,
,,,,,,,,,,,,,,,,,,,,,,,,,,,,,,,,,,,,,,,,,,,,,,,,,,,,
,,,,,Signature Selection Dropdown,Signature for Matching,Base Archetype,,Archetype List,SigPlaystyle+,Signatures Filtered by Archetype Selection,,SigPerk,Perk1,Perk2,,,,,,,,,,,,,,,,,,,,,,,,,,,,,,,,,,,,,
,,,,,Magician+ (Magician),Magician+,Magician,,Magician,First Touch,Magician+ (Magician),,One Two: do a pass and go in the opponent's half for a short boost to acceleration ball control and balance,Getaway Driver: dribble at full Sprint in the opponent's half for a short boost to agility balance and reactions,Ankle Breaker: fake shot to beat an opponent in the attacking third for a boost to balance ball control and dribbling,,,,,,,,,,,,,,,,,,,,,,,,,,,,,,,,,,,,,
,,,,,HotShot (Magician),HotShot,Magician,,Finisher,Power Shot,HotShot (Magician),,Cut and Shoot: shoot after entering the box for the wing for a short boost to finishing curve and shot power,Fake to Real: fake shot in the Box to gain a short boost to shot power of finishing and composure,1v1 Master: when one verse 1 with the goalkeeper get a short boost to ball control agility and balance,,,,,,,,,,,,,,,,,,,,,,,,,,,,,,,,,,,,,
,,,,,Invader (Magician),Invader,Magician,,Target,Incisive Pass,Invader (Magician),,Silver Platter: TEAMMATE BOOST: give your teammate a short boost to composure finishing and ball control when receiving your pass in the Box,Sixth Sense: shoot with back two goal in the attacking third to gain a short boost to finishing balance and composure,Physical Shooter: Shield off an opponent then shoot in the box for a boost to strength shot power and balance,,,,,,,,,,,,,,,,,,,,,,,,,,,,,,,,,,,,,
,,,,,Finisher+ (Finisher),Finisher+,Finisher,,Recycler,Chip Shot,,,No Look Finisher: shoot with back to goal in the Box to gain a short boost to shot power finishing and balance,Press and Pass: windy ball in the defensive half to gain a short boost to short passing reactions and vision,Physical Passer:  Shield ball from an opponent in the defensive half to boost balance short passing and aggression,,,,,,,,,,,,,,,,,,,,,,,,,,,,,,,,,,,,,
,,,,,Presser (Finisher),Presser,Finisher,,Maestro,Relentless,,,Turnover Finisher: win possession in the attacking third to gain a short boost to finishing composure and curve,Fly Trap: Shield after an interception in the middle third for a boost to strength balance and ball control,Eagle Eyes: receive a pass in the defensive half for a short boost to Long passing vision and ball control,,,,,,,,,,,,,,,,,,,,,,,,,,,,,,,,,,,,,
,,,,,Hunter (Finisher),Hunter,Finisher,,Creator,Gamechanger,,,First Time Finisher: take a first time shot in the Box to gain a short boost to two shot power and balance and composure,Grasshopper passer: dinked passes in the opponents half receive a boost to ball control short passing and curve,Bullseye Passer: Precision passes in the middle third receive a boost to curve long passing and short passing,,,,,,,,,,,,,,,,,,,,,,,,,,,,,,,,,,,,,
,,,,,Target+ (Target),Target+,Target,,Spark,Acrobatic,,,Line Breaker: receive a line breaking pass in the attacking third for a boost to dribbling a balance and composure,Bail Out: knock on past an opponent to the attacking wing for a boost to acceleration agility and ball control,Cut Back Specialist: passes after entering the box from the wing receive a boost to short passing Crossing and vision,,,,,,,,,,,,,,,,,,,,,,,,,,,,,,,,,,,,,
,,,,,Roamer (Target),Roamer,Target,,Progressor,Incisive Pass,,,Blind Passer: pass with back to goal in attacking third to gain a short boost to finishing balance and composure,Restarter: successful stand tackle in the defensive half for a boost to Long passing short passing and vision,Goalkeepers Favorite: receive a pass from GK in the defensive third for a boost to Long passing short passing and vision,,,,,,,,,,,,,,,,,,,,,,,,,,,,,,,,,,,,,
,,,,,Runner (Target),Runner,Target,,Boss,Enforcer,,,High-Speed Shooter: shoot while at full Sprint for a boost to shot power strength and aggression,Shuffler: jockey near the dribbler in the defensive half for a boost to aggression balance and reactions,Box controller: clear the ball from the defensive box for a short boost to heading jumping and reactions,,,,,,,,,,,,,,,,,,,,,,,,,,,,,,,,,,,,,
,,,,,Recycler+ (Recycler),Recycler+,Recycler,,Engine,Pinged Pass,,,Hard and Fast: first time driven passes in the defensive half receive a boost to short passing vision and long passing,Tracker: jockey near a dribbler in the defensive half for a boost to interceptions reactions and ball control,Presser: win the ball in the defensive half to gain a short boost to short passing vision and balance,,,,,,,,,,,,,,,,,,,,,,,,,,,,,,,,,,,,,
,,,,,Driver (Recycler),Driver,Recycler,,Marauder,Enforcer,,,Heart: successful stand tackle in the defensive half for a boost to aggression and strength and acceleration,High-speed crosser: crosses while at full Sprint on the attacking Wing give a boost to agility Crossing,Tackle and Run: successful sand tackle on the defensive wing for a boost to acceleration agility and Sprint speed,,,,,,,,,,,,,,,,,,,,,,,,,,,,,,,,,,,,,
,,,,,Thief (Recycler),Thief,Recycler,,,Anticipate,,,Thief: get a boost in acceleration standing tackle and strength when your team loses the ball in the middle third, ,,,,,,,,,,,,,,,,,,,,,,,,,,,,,,,,,,,,,,
,,,,,Maestro+ (Maestro),Maestro+,Maestro,,,Technical,,,Turnover Specialist: successful stand tackle in the defensive half for a boost to short passing long passing and vision, ,,,,,,,,,,,,,,,,,,,,,,,,,,,,,,,,,,,,,,
,,,,,Crasher (Maestro),Crasher,Maestro,,,First Touch,,,Box Crash: enter the opponent's box from the middle for a short boost to finishing composure and vision, ,,,,,,,,,,,,,,,,,,,,,,,,,,,,,,,,,,,,,,
,,,,,Heartbeat (Maestro),Heartbeat,Maestro,,,Relentless,,,Foot in and Run: successful strong stand tackle in the defensive half for a boost to acceleration reactions and stamina, ,,,,,,,,,,,,,,,,,,,,,,,,,,,,,,,,,,,,,,
,,,,,Creator+ (Creator),Creator+,Creator,,,Whipped Pass,,,Assistant: TEAMMATE BOOST. through passes in the opponents half give a boost to finishing balance and ball control to your teammate, ,,,,,,,,,,,,,,,,,,,,,,,,,,,,,,,,,,,,,,
,,,,,Architect (Creator),Architect,Creator,,,Dead Ball,,,Airmail: crosses from the attacking wings and receive a boost to curve long passing and Crossing, ,,,,,,,,,,,,,,,,,,,,,,,,,,,,,,,,,,,,,,
,,,,,Sniper (Creator),Sniper,Creator,,,Power Shot,,,Solo Shooter: shots after dribbling into the box from the middle receive a boost to finishing shot power and reactions, ,,,,,,,,,,,,,,,,,,,,,,,,,,,,,,,,,,,,,,
,,,,,Spark+ (Spark),Spark+,Spark,,,Quick Step,,,Twinkle Toes: skill move past an opponent on the attacking Wing to boost agility acceleration and Sprint speed, ,,,,,,,,,,,,,,,,,,,,,,,,,,,,,,,,,,,,,,
,,,,,Joker (Spark),Joker,Spark,,,Whipped Pass,,,Selfless: skill move past an opponent in the opponent's half to boost short passing curve and composure, ,,,,,,,,,,,,,,,,,,,,,,,,,,,,,,,,,,,,,,
,,,,,Ace (Spark),Ace,Spark,,,Chip Shot,,,Stunning Shooter: skill move past an opponent in the attacking third to boost curve finishing and shot power, ,,,,,,,,,,,,,,,,,,,,,,,,,,,,,,,,,,,,,,
,,,,,Progressor+ (Progressor),Progressor+,Progressor,,,Jockey,,,Wall Bounce: intercept the ball in the defensive half for a short boost to balance curve and short passing, ,,,,,,,,,,,,,,,,,,,,,,,,,,,,,,,,,,,,,,
,,,,,Pioneer (Progressor),Pioneer,Progressor,,,Pinged Pass,,,Unexpected Forward: dribble into the attacking third for a short boost to ball control composure and dribbling, ,,,,,,,,,,,,,,,,,,,,,,,,,,,,,,,,,,,,,,
,,,,,Janitor (Progressor),Janitor,Progressor,,,Quick Step,,,Last Player Back: be the last player back in the defensive half for a boost to acceleration sliding tackle and standing tackle, ,,,,,,,,,,,,,,,,,,,,,,,,,,,,,,,,,,,,,,
,,,,,Boss+ (Boss),Boss+,Boss,,,Slide Tackle,,,Physical tackle specialist: physical tackle in the defensive third for a short boost to strength vision and aggression, ,,,,,,,,,,,,,,,,,,,,,,,,,,,,,,,,,,,,,,
,,,,,Enforcer (Boss),Enforcer,Boss,,,Press Proven,,,Old school: successful slide tackle in the middle for a short boost to composure slide tackle and aggression, ,,,,,,,,,,,,,,,,,,,,,,,,,,,,,,,,,,,,,,
,,,,,Capitano (Boss),Capitano,Boss,,,Block,,,Sweeper: be the last player back in the defensive half for a boost to defensive awareness balance and interceptions, ,,,,,,,,,,,,,,,,,,,,,,,,,,,,,,,,,,,,,,
,,,,,Engine+ (Engine),Engine+,Engine,,,Intercept,,,Raider: enter the opponent's box from the middle for a short boost to finishing shot power and reactions, ,,,,,,,,,,,,,,,,,,,,,,,,,,,,,,,,,,,,,,
,,,,,Everywhere (Engine),Everywhere,Engine,,,Tiki Taka,,,Give and Go: do a pass and go in the middle third for a short boost to dribbling Sprint Speed and Agility, ,,,,,,,,,,,,,,,,,,,,,,,,,,,,,,,,,,,,,,
,,,,,Gadget (Engine),Gadget,Engine,,,Technical,,,Workhorse: get a boost and strength aggression and standing tackle when your team loses the ball in the middle third, ,,,,,,,,,,,,,,,,,,,,,,,,,,,,,,,,,,,,,,
,,,,,Marauder+ (Marauder),Marauder+,Marauder,,,Slide Tackle,,,On the Move: do a pass and go in the defensive half for a short boost to balance acceleration and reactions, ,,,,,,,,,,,,,,,,,,,,,,,,,,,,,,,,,,,,,,
,,,,,Speedster (Marauder),Speedster,Marauder,,,Rapid,,,Wing Burner: knock on past an opponent in the attacking wing for a boost to acceleration agility and Sprint speed, ,,,,,,,,,,,,,,,,,,,,,,,,,,,,,,,,,,,,,,
,,,,,Athlete (Marauder),Athlete,Marauder,,,Bruiser,,,Wide Recovery: team loses ball while you are in the defensive Wing get a boost to balance Sprint speed and ball control, ,,,,,,,,,,,,,,,,,,,,,,,,,,,,,,,,,,,,,,
,,,,,,,,,,,,,,,,,,,,,,,,,,,,,,,,,,,,,,,,,,,,,,,,,,,,
,,,,,,,,,,,,,,,,,,,,,,,,,,,,,,,,,,,,,,,,,,,,,,,,,,,,
,,,,,"Reddit User Smazoz Collected this Data for Us, Archetype AP per level w Totals. Thank you!",,,,,,,,,,,,,,,,,,,,,,,,,,,,,,,,,,,,,,,,,,,,,,,
,,,,,Level,AP Gained,Total so far,,,,,,,,,,,,,,,,,,,,,,,,,,,,,,,,,,,,,,,,,,,,,
,,,,,1,100,100,,,,,,,,,,,,,,,,,,,,,,,,,,,,,,,,,,,,,,,,,,,,,
,,,,,2,9,109,,,,,,,,,,,,,,,,,,,,,,,,,,,,,,,,,,,,,,,,,,,,,
,,,,,3,9,118,,,,,,,,,,,,,,,,,,,,,,,,,,,,,,,,,,,,,,,,,,,,,
,,,,,4,9,127,,,,,,,,,,,,,,,,,,,,,,,,,,,,,,,,,,,,,,,,,,,,,
,,,,,5,19,146,,,,,,,,,,,,,,,,,,,,,,,,,,,,,,,,,,,,,,,,,,,,,
,,,,,6,10,156,,,,,,,,,,,,,,,,,,,,,,,,,,,,,,,,,,,,,,,,,,,,,
,,,,,7,10,166,,,,,,,,,,,,,,,,,,,,,,,,,,,,,,,,,,,,,,,,,,,,,
,,,,,8,10,176,,,,,,,,,,,,,,,,,,,,,,,,,,,,,,,,,,,,,,,,,,,,,
,,,,,9,10,186,,,,,,,,,,,,,,,,,,,,,,,,,,,,,,,,,,,,,,,,,,,,,
,,,,,10,38,224,,,,,,,,,,,,,,,,,,,,,,,,,,,,,,,,,,,,,,,,,,,,,
,,,,,11,13,237,,,,,,,,,,,,,,,,,,,,,,,,,,,,,,,,,,,,,,,,,,,,,
,,,,,12,13,250,,,,,,,,,,,,,,,,,,,,,,,,,,,,,,,,,,,,,,,,,,,,,
,,,,,13,13,263,,,,,,,,,,,,,,,,,,,,,,,,,,,,,,,,,,,,,,,,,,,,,
,,,,,14,13,276,,,,,,,,,,,,,,,,,,,,,,,,,,,,,,,,,,,,,,,,,,,,,
,,,,,15,25,301,,,,,,,,,,,,,,,,,,,,,,,,,,,,,,,,,,,,,,,,,,,,,
,,,,,16,13,314,,,,,,,,,,,,,,,,,,,,,,,,,,,,,,,,,,,,,,,,,,,,,
,,,,,17,13,327,,,,,,,,,,,,,,,,,,,,,,,,,,,,,,,,,,,,,,,,,,,,,
,,,,,18,13,340,,,,,,,,,,,,,,,,,,,,,,,,,,,,,,,,,,,,,,,,,,,,,
,,,,,19,13,353,,,,,,,,,,,,,,,,,,,,,,,,,,,,,,,,,,,,,,,,,,,,,
,,,,,20,44,397,,,,,,,,,,,,,,,,,,,,,,,,,,,,,,,,,,,,,,,,,,,,,
,,,,,21,19,416,,,,,,,,,,,,,,,,,,,,,,,,,,,,,,,,,,,,,,,,,,,,,
,,,,,22,19,435,,,,,,,,,,,,,,,,,,,,,,,,,,,,,,,,,,,,,,,,,,,,,
,,,,,23,19,454,,,,,,,,,,,,,,,,,,,,,,,,,,,,,,,,,,,,,,,,,,,,,
,,,,,24,19,473,,,,,,,,,,,,,,,,,,,,,,,,,,,,,,,,,,,,,,,,,,,,,
,,,,,25,38,511,,,,,,,,,,,,,,,,,,,,,,,,,,,,,,,,,,,,,,,,,,,,,
,,,,,26,25,536,,,,,,,,,,,,,,,,,,,,,,,,,,,,,,,,,,,,,,,,,,,,,
,,,,,27,25,561,,,,,,,,,,,,,,,,,,,,,,,,,,,,,,,,,,,,,,,,,,,,,
,,,,,28,25,586,,,,,,,,,,,,,,,,,,,,,,,,,,,,,,,,,,,,,,,,,,,,,
,,,,,29,25,611,,,,,,,,,,,,,,,,,,,,,,,,,,,,,,,,,,,,,,,,,,,,,
,,,,,30,63,674,,,,,,,,,,,,,,,,,,,,,,,,,,,,,,,,,,,,,,,,,,,,,
,,,,,31,25,699,,,,,,,,,,,,,,,,,,,,,,,,,,,,,,,,,,,,,,,,,,,,,
,,,,,32,25,724,,,,,,,,,,,,,,,,,,,,,,,,,,,,,,,,,,,,,,,,,,,,,
,,,,,33,25,749,,,,,,,,,,,,,,,,,,,,,,,,,,,,,,,,,,,,,,,,,,,,,
,,,,,34,25,774,,,,,,,,,,,,,,,,,,,,,,,,,,,,,,,,,,,,,,,,,,,,,
,,,,,35,38,812,,,,,,,,,,,,,,,,,,,,,,,,,,,,,,,,,,,,,,,,,,,,,
,,,,,36,25,837,,,,,,,,,,,,,,,,,,,,,,,,,,,,,,,,,,,,,,,,,,,,,
,,,,,37,25,862,,,,,,,,,,,,,,,,,,,,,,,,,,,,,,,,,,,,,,,,,,,,,
,,,,,38,25,887,,,,,,,,,,,,,,,,,,,,,,,,,,,,,,,,,,,,,,,,,,,,,
,,,,,39,25,912,,,,,,,,,,,,,,,,,,,,,,,,,,,,,,,,,,,,,,,,,,,,,
,,,,,40,50,962,,,,,,,,,,,,,,,,,,,,,,,,,,,,,,,,,,,,,,,,,,,,,
,,,,,41,25,987,,,,,,,,,,,,,,,,,,,,,,,,,,,,,,,,,,,,,,,,,,,,,
,,,,,42,25,1012,,,,,,,,,,,,,,,,,,,,,,,,,,,,,,,,,,,,,,,,,,,,,
,,,,,43,25,1037,,,,,,,,,,,,,,,,,,,,,,,,,,,,,,,,,,,,,,,,,,,,,
,,,,,44,25,1062,,,,,,,,,,,,,,,,,,,,,,,,,,,,,,,,,,,,,,,,,,,,,
,,,,,45,44,1106,,,,,,,,,,,,,,,,,,,,,,,,,,,,,,,,,,,,,,,,,,,,,
,,,,,46,25,1131,,,,,,,,,,,,,,,,,,,,,,,,,,,,,,,,,,,,,,,,,,,,,
,,,,,47,25,1156,,,,,,,,,,,,,,,,,,,,,,,,,,,,,,,,,,,,,,,,,,,,,
,,,,,48,25,1181,,,,,,,,,,,,,,,,,,,,,,,,,,,,,,,,,,,,,,,,,,,,,
,,,,,49,25,1206,,,,,,,,,,,,,,,,,,,,,,,,,,,,,,,,,,,,,,,,,,,,,
,,,,,50,63,1269,,,,,,,,,,,,,,,,,,,,,,,,,,,,,,,,,,,,,,,,,,,,,
,,,,,51,25,1294,,,,,,,,,,,,,,,,,,,,,,,,,,,,,,,,,,,,,,,,,,,,,
,,,,,52,25,1319,,,,,,,,,,,,,,,,,,,,,,,,,,,,,,,,,,,,,,,,,,,,,
,,,,,53,25,1344,,,,,,,,,,,,,,,,,,,,,,,,,,,,,,,,,,,,,,,,,,,,,
,,,,,54,25,1369,,,,,,,,,,,,,,,,,,,,,,,,,,,,,,,,,,,,,,,,,,,,,
,,,,,55,44,1413,,,,,,,,,,,,,,,,,,,,,,,,,,,,,,,,,,,,,,,,,,,,,
,,,,,56,25,1438,,,,,,,,,,,,,,,,,,,,,,,,,,,,,,,,,,,,,,,,,,,,,
,,,,,57,25,1463,,,,,,,,,,,,,,,,,,,,,,,,,,,,,,,,,,,,,,,,,,,,,
,,,,,58,25,1488,,,,,,,,,,,,,,,,,,,,,,,,,,,,,,,,,,,,,,,,,,,,,
,,,,,59,25,1513,,,,,,,,,,,,,,,,,,,,,,,,,,,,,,,,,,,,,,,,,,,,,
,,,,,60,56,1569,,,,,,,,,,,,,,,,,,,,,,,,,,,,,,,,,,,,,,,,,,,,,